Aguilar,Town of Aguilar,"January 10, 1894",statutory town,Las Animas County,map,197,495,538,â7.99%,â2 487 kmâ2,â2 1.0161 kmâ2,,â2 1.0161 kmâ2,800760,37Â°24â²13â³N 104Â°39â²18â³W﻿ / ﻿37.403626Â°N 104.655036Â°W
Akron,Town of Akron,"September 22, 1887",statutory town,Washington County[8],map,121,1694,1702,â0.47%,â2 251 kmâ2,â2 6.7973 kmâ2,,â2 6.7973 kmâ2,800925,40Â°09â²52â³N 103Â°13â²14â³W﻿ / ﻿40.164382Â°N 103.220685Â°W
Alamosa,City of Alamosa,"August 12, 1878",home rule municipality,Alamosa County[8],map,48,9531,8780,+8.55%,â2 501 kmâ2,â2 19.0788 kmâ2,â2 0.3222 kmâ2,â2 19.4010 kmâ2,801090,37Â°28â²30â³N 105Â°52â²31â³W﻿ / ﻿37.475041Â°N 105.875314Â°W
Alma,Town of Alma,"December 2, 1873",statutory town,Park County,map,221,275,270,+1.85%,â2 286 kmâ2,â2 0.9325 kmâ2,â2 0.0049 kmâ2,â2 0.9374 kmâ2,801530,39Â°17â²09â³N 106Â°03â²59â³W﻿ / ﻿39.285942Â°N 106.066319Â°W
Antonito,Town of Antonito,"December 29, 1889",statutory town,Conejos County,map,163,775,781,â0.77%,â2 744 kmâ2,â2 1.0446 kmâ2,,â2 1.0446 kmâ2,802355,37Â°04â²36â³N 106Â°00â²37â³W﻿ / ﻿37.076605Â°N 106.010222Â°W
Arriba,Town of Arriba,"August 29, 1918",statutory town,Lincoln County,map,237,194,193,+0.52%,â2 165 kmâ2,â2 1.1398 kmâ2,,â2 1.1398 kmâ2,803235,39Â°17â²03â³N 103Â°16â²26â³W﻿ / ﻿39.284058Â°N 103.273902Â°W
Arvada,City of Arvada,"August 24, 1904",home rule municipality,Jefferson CountyAdams County,map,7,113574,106433,+6.71%,â2 1125 kmâ2,â2 99.2785 kmâ2,â2 1.6149 kmâ2,â2 100.8933 kmâ2,803455,39Â°50â²01â³N 105Â°09â²01â³W﻿ / ﻿39.833728Â°N 105.150306Â°W
Aspen,City of Aspen,"April 1, 1881",home rule municipality,Pitkin County[8],map,59,6805,6658,+2.21%,â2 670 kmâ2,â2 10.0481 kmâ2,,â2 10.0481 kmâ2,803620,39Â°11â²42â³N 106Â°50â²13â³W﻿ / ﻿39.194951Â°N 106.837002Â°W
Ault,Town of Ault,"April 11, 1904[9]",statutory town,Weld County,map,123,1603,1519,+5.53%,â2 771 kmâ2,â2 2.0426 kmâ2,,â2 2.0426 kmâ2,803950,40Â°35â²00â³N 104Â°44â²02â³W﻿ / ﻿40.583454Â°N 104.733962Â°W
Aurora,City of Aurora,"May 5, 1903[10]",home rule municipality,Arapahoe CountyAdams CountyDouglas County,map,3,353108,325078,+8.62%,â2 868 kmâ2,â2 398.4152 kmâ2,â2 1.7570 kmâ2,â2 400.1722 kmâ2,804000,39Â°41â²17â³N 104Â°41â²23â³W﻿ / ﻿39.688002Â°N 104.689740Â°W
Avon,Town of Avon,"February 24, 1978",home rule municipality,Eagle County,map,63,6447,6447,,â2 308 kmâ2,â2 20.8075 kmâ2,â2 0.1866 kmâ2,â2 20.9941 kmâ2,804110,39Â°38â²30â³N 106Â°30â²57â³W﻿ / ﻿39.641797Â°N 106.515877Â°W
Basalt,Town of Basalt,"August 26, 1901",statutory town,Eagle CountyPitkin County,map,86,3919,3857,+1.61%,â2 745 kmâ2,â2 5.1774 kmâ2,â2 0.0203 kmâ2,â2 5.1977 kmâ2,804935,39Â°21â²29â³N 107Â°01â²07â³W﻿ / ﻿39.358174Â°N 107.018557Â°W
Bayfield,Town of Bayfield,"August 18, 1906",statutory town,La Plata County,map,102,2533,2333,+8.57%,â2 668 kmâ2,â2 3.7335 kmâ2,,â2 3.7335 kmâ2,805265,37Â°14â²07â³N 107Â°35â²41â³W﻿ / ﻿37.235248Â°N 107.594814Â°W
Bennett,Town of Bennett,"January 22, 1930",statutory town,Adams CountyArapahoe County,map,103,2443,2308,+5.85%,â2 161 kmâ2,â2 15.0049 kmâ2,â2 0.0156 kmâ2,â2 15.0205 kmâ2,806090,39Â°44â²46â³N 104Â°26â²34â³W﻿ / ﻿39.745990Â°N 104.442841Â°W
Berthoud,Town of Berthoud,"August 28, 1888",statutory town,Larimer CountyWeld County,map,70,5807,5105,+13.75%,â2 173 kmâ2,â2 31.1547 kmâ2,â2 0.3275 kmâ2,â2 31.4822 kmâ2,806255,40Â°17â²05â³N 104Â°57â²56â³W﻿ / ﻿40.284667Â°N 104.965504Â°W
Bethune,Town of Bethune,"June 10, 1926",statutory town,Kit Carson County,map,232,240,237,+1.27%,â2 555 kmâ2,â2 0.4196 kmâ2,,â2 0.4196 kmâ2,806530,39Â°18â²14â³N 102Â°25â²24â³W﻿ / ﻿39.303822Â°N 102.423414Â°W
Black Hawk,City of Black Hawk,"June 12, 1886",home rule municipality,Gilpin County,map,250,126,118,+6.78%,â2 24 kmâ2,â2 5.0372 kmâ2,,â2 5.0372 kmâ2,807025,39Â°48â²04â³N 105Â°29â²21â³W﻿ / ﻿39.801069Â°N 105.489224Â°W
Blanca,Town of Blanca[permanent dead link],"May 18, 1910",statutory town,Costilla County,map,211,372,385,â3.38%,â2 80 kmâ2,â2 4.6250 kmâ2,,â2 4.6250 kmâ2,807190,37Â°26â²21â³N 105Â°30â²49â³W﻿ / ﻿37.439281Â°N 105.513526Â°W
Blue River[11],Town of Blue River,1964,statutory town,Summit County,map,155,882,849,+3.89%,â2 133 kmâ2,â2 6.5136 kmâ2,â2 0.2579 kmâ2,â2 6.7715 kmâ2,807410,39Â°26â²55â³N 106Â°02â²12â³W﻿ / ﻿39.448494Â°N 106.036774Â°W
Bonanza[12],Town of Bonanza,"January 13, 1881[13]",statutory town,Saguache County,map,270,16,16,,â2 14 kmâ2,â2 1.1306 kmâ2,,â2 1.1306 kmâ2,807571,38Â°17â²48â³N 106Â°08â²31â³W﻿ / ﻿38.296607Â°N 106.141873Â°W
Boone,Town of Boone,"September 22, 1956",statutory town,Pueblo County,map,213,342,339,+0.88%,â2 360 kmâ2,â2 0.9365 kmâ2,â2 0.0253 kmâ2,â2 0.9618 kmâ2,807795,38Â°15â²02â³N 104Â°15â²39â³W﻿ / ﻿38.250445Â°N 104.260792Â°W
Boulder,City of Boulder,"November 4, 1871[14]",home rule municipality,Boulder County[8],map,11,105112,97385,+7.93%,â2 1603 kmâ2,â2 64.3556 kmâ2,â2 2.6384 kmâ2,â2 66.9940 kmâ2,807850,40Â°01â²39â³N 105Â°15â²07â³W﻿ / ﻿40.027435Â°N 105.251945Â°W
Bow Mar,Town of Bow Mar,August 1958,statutory town,Arapahoe CountyJefferson County,map,151,921,866,+6.35%,â2 510 kmâ2,â2 1.7732 kmâ2,â2 0.3913 kmâ2,â2 2.1645 kmâ2,808070,39Â°37â²36â³N 105Â°03â²03â³W﻿ / ﻿39.626594Â°N 105.050914Â°W
Branson,Town of Branson,"March 26, 1921",statutory town,Las Animas County,map,262,67,74,â9.46%,â2 109 kmâ2,â2 0.6340 kmâ2,,â2 0.6340 kmâ2,808345,37Â°00â²56â³N 103Â°53â²02â³W﻿ / ﻿37.015493Â°N 103.883777Â°W
Breckenridge,Town of Breckenridge,"March 3, 1880",home rule municipality,Summit County[8],map,79,4749,4540,+4.60%,â2 299 kmâ2,â2 15.5259 kmâ2,,â2 15.5259 kmâ2,808400,39Â°29â²59â³N 106Â°02â²36â³W﻿ / ﻿39.499619Â°N 106.043292Â°W
Brighton,City of Brighton,"September 1, 1887",home rule municipality,Adams County[8]Weld County,map,22,36765,33352,+10.23%,â2 664 kmâ2,â2 53.7719 kmâ2,â2 0.7803 kmâ2,â2 54.5522 kmâ2,808675,39Â°57â²53â³N 104Â°47â²48â³W﻿ / ﻿39.964790Â°N 104.796581Â°W
Brookside[15],Town of Brookside,1913,statutory town,Fremont County,map,231,243,233,+4.29%,â2 198 kmâ2,â2 1.2041 kmâ2,,â2 1.2041 kmâ2,809115,38Â°24â²49â³N 105Â°11â²28â³W﻿ / ﻿38.413543Â°N 105.191060Â°W
Broomfield,City and County of Broomfield,"June 6, 1961[16]",consolidated city and county,City and County of Broomfield[17],map,15,62138,55889,+11.18%,â2 696 kmâ2,â2 85.4775 kmâ2,â2 1.4127 kmâ2,â2 86.8903 kmâ2,809280,39Â°57â²12â³N 105Â°03â²07â³W﻿ / ﻿39.953302Â°N 105.052038Â°W
Brush,City of Brush,"November 24, 1884",statutory city,Morgan County,map,71,5466,5463,+0.05%,â2 834 kmâ2,â2 6.5978 kmâ2,,â2 6.5978 kmâ2,809555,40Â°15â²29â³N 103Â°37â²56â³W﻿ / ﻿40.258136Â°N 103.632160Â°W
Buena Vista,Town of Buena Vista,"November 8, 1879",statutory town,Chaffee County,map,96,2734,2617,+4.47%,â2 306 kmâ2,â2 8.9469 kmâ2,â2 0.0022 kmâ2,â2 8.9491 kmâ2,810105,38Â°49â²46â³N 106Â°08â²22â³W﻿ / ﻿38.829332Â°N 106.139515Â°W
Burlington,City of Burlington,"January 12, 1888",home rule municipality,Kit Carson County[8],map,85,4014,4254,â5.64%,â2 740 kmâ2,â2 5.4073 kmâ2,,â2 5.4073 kmâ2,810600,39Â°18â²16â³N 102Â°16â²17â³W﻿ / ﻿39.304491Â°N 102.271463Â°W
Calhan,Town of Calhan,"May 10, 1919",statutory town,El Paso County,map,162,797,780,+2.18%,â2 352 kmâ2,â2 2.2559 kmâ2,,â2 2.2559 kmâ2,811260,39Â°02â²04â³N 104Â°17â²57â³W﻿ / ﻿39.034438Â°N 104.299139Â°W
Campo,Town of Campo,"March 6, 1950",statutory town,Baca County,map,256,105,109,â3.67%,â2 286 kmâ2,â2 0.3737 kmâ2,,â2 0.3737 kmâ2,811645,37Â°06â²17â³N 102Â°34â²44â³W﻿ / ﻿37.104711Â°N 102.578798Â°W
CaÃ±on City,City of CaÃ±on City,"April 3, 1872",home rule municipality,Fremont County[8],map[permanent dead link],34,16337,16400,â0.38%,â2 504 kmâ2,â2 32.4051 kmâ2,â2 0.0315 kmâ2,â2 32.4366 kmâ2,811810,38Â°26â²31â³N 105Â°13â²15â³W﻿ / ﻿38.441889Â°N 105.220891Â°W
Carbondale,Town of Carbondale,"April 26, 1888",home rule municipality,Garfield County,map,61,6574,6427,+2.29%,â2 1238 kmâ2,â2 5.2947 kmâ2,,â2 5.2947 kmâ2,812045,39Â°23â²41â³N 107Â°12â²52â³W﻿ / ﻿39.394616Â°N 107.214475Â°W
Castle Pines,City of Castle Pines,"November 6, 2007[18]",statutory city,Douglas County,map,46,10796,10796,,â2 433 kmâ2,â2 24.7793 kmâ2,,â2 24.7793 kmâ2,812387,39Â°27â²45â³N 104Â°52â²14â³W﻿ / ﻿39.462512Â°N 104.870620Â°W
Castle Rock,Town of Castle Rock,"May 17, 1881",home rule municipality,Douglas County[8],map,17,55747,48231,+15.58%,â2 605 kmâ2,â2 87.7070 kmâ2,,â2 87.7070 kmâ2,812415,39Â°22â²34â³N 104Â°51â²13â³W﻿ / ﻿39.376089Â°N 104.853487Â°W
Cedaredge,Town of Cedaredge,"May 2, 1907",home rule municipality,Delta County,map,111,2187,2253,â2.93%,â2 438 kmâ2,â2 5.0650 kmâ2,,â2 5.0650 kmâ2,812635,38Â°53â²39â³N 107Â°55â²32â³W﻿ / ﻿38.894137Â°N 107.925498Â°W
Centennial,City of Centennial,"February 7, 2001",home rule municipality,Arapahoe County,map,10,107201,100377,+6.80%,â2 1418 kmâ2,â2 74.8543 kmâ2,â2 0.3813 kmâ2,â2 75.2356 kmâ2,812815,39Â°35â²26â³N 104Â°52â²09â³W﻿ / ﻿39.590568Â°N 104.869118Â°W
Center,Town of Center,"January 18, 1907",statutory town,Rio Grande CountySaguache County,map,109,2199,2230,â1.39%,â2 1040 kmâ2,â2 2.1392 kmâ2,,â2 2.1392 kmâ2,812855,37Â°45â²05â³N 106Â°06â²37â³W﻿ / ﻿37.751351Â°N 106.110195Â°W
Central City,City of Central,"June 12, 1886",home rule municipality,Gilpin County[8]Clear Creek County,map,170,724,663,+9.20%,â2 108 kmâ2,â2 6.3438 kmâ2,â2 0.0000 kmâ2,â2 6.3438 kmâ2,812910,39Â°47â²45â³N 105Â°30â²53â³W﻿ / ﻿39.795790Â°N 105.514835Â°W
Cheraw,Town of Cheraw,"April 17, 1917",statutory town,Otero County,map,230,249,252,â1.19%,â2 605 kmâ2,â2 0.4100 kmâ2,,â2 0.4100 kmâ2,813460,38Â°06â²29â³N 103Â°30â²39â³W﻿ / ﻿38.108104Â°N 103.510926Â°W
Cherry Hills Village,City of Cherry Hills Village,"July 19, 1945",home rule municipality,Arapahoe County,map,64,6423,5987,+7.28%,â2 393 kmâ2,â2 16.0678 kmâ2,â2 0.1853 kmâ2,â2 16.2531 kmâ2,813845,39Â°38â²15â³N 104Â°56â²51â³W﻿ / ﻿39.637418Â°N 104.947470Â°W
Cheyenne Wells,Town of Cheyenne Wells,"May 14, 1890",statutory town,Cheyenne County[8],map,159,860,846,+1.65%,â2 314 kmâ2,â2 2.7702 kmâ2,,â2 2.7702 kmâ2,814175,38Â°49â²09â³N 102Â°21â²07â³W﻿ / ﻿38.819202Â°N 102.352030Â°W
Coal Creek,Town of Coal Creek,"February 11, 1882",statutory town,Fremont County,map,214,339,343,â1.17%,â2 103 kmâ2,â2 3.2942 kmâ2,,â2 3.2942 kmâ2,815330,38Â°21â²43â³N 105Â°08â²30â³W﻿ / ﻿38.362038Â°N 105.141782Â°W
Cokedale,Town of Cokedale,"March 15, 1948",statutory town,Las Animas County,map,251,119,129,â7.75%,â2 224 kmâ2,â2 0.5308 kmâ2,,â2 0.5308 kmâ2,815550,37Â°08â²39â³N 104Â°37â²18â³W﻿ / ﻿37.144223Â°N 104.621590Â°W
Collbran,Town of Collbran,"July 22, 1908",statutory town,Mesa County,map,172,706,708,â0.28%,â2 457 kmâ2,â2 1.5312 kmâ2,,â2 1.5312 kmâ2,815605,39Â°14â²24â³N 107Â°57â²50â³W﻿ / ﻿39.240016Â°N 107.963956Â°W
Colorado Springs,City of Colorado Springs,"June 19, 1886",home rule municipality,El Paso County[8],map,2,445830,416427,+7.06%,â2 872 kmâ2,â2 504.7114 kmâ2,â2 0.9472 kmâ2,â2 505.6585 kmâ2,816000,38Â°52â²02â³N 104Â°45â²39â³W﻿ / ﻿38.867255Â°N 104.760749Â°W
Columbine Valley[19],Town of Columbine Valley,"July 2, 1959",statutory town,Arapahoe County,map,133,1328,1256,+5.73%,â2 497 kmâ2,â2 2.6534 kmâ2,â2 0.0372 kmâ2,â2 2.6906 kmâ2,816385,39Â°35â²58â³N 105Â°01â²51â³W﻿ / ﻿39.599580Â°N 105.030771Â°W
Commerce City,City of Commerce City,"December 18, 1952[20]",home rule municipality,Adams County,map,18,51762,45913,+12.74%,â2 551 kmâ2,â2 90.4199 kmâ2,â2 1.0669 kmâ2,â2 91.4868 kmâ2,816495,39Â°52â²59â³N 104Â°47â²44â³W﻿ / ﻿39.882968Â°N 104.795452Â°W
Cortez,City of Cortez,"November 10, 1902",home rule municipality,Montezuma County[8],map,52,8602,8482,+1.41%,â2 532 kmâ2,â2 16.0916 kmâ2,â2 0.0704 kmâ2,â2 16.1620 kmâ2,817375,37Â°20â²59â³N 108Â°34â²36â³W﻿ / ﻿37.349783Â°N 108.576687Â°W
Craig,City of Craig,"July 15, 1908",home rule municipality,Moffat County[8],map,50,8846,9464,â6.53%,â2 675 kmâ2,â2 13.3007 kmâ2,,â2 13.3007 kmâ2,817760,40Â°31â²01â³N 107Â°33â²20â³W﻿ / ﻿40.517034Â°N 107.555674Â°W
Crawford,Town of Crawford,"December 19, 1910",statutory town,Delta County,map,205,411,431,â4.64%,â2 670 kmâ2,â2 0.6296 kmâ2,,â2 0.6296 kmâ2,817925,38Â°42â²19â³N 107Â°36â²36â³W﻿ / ﻿38.705183Â°N 107.610061Â°W
Creede,City of Creede[21],"May 19, 1892",statutory town,Mineral County[8],map,219,282,290,â2.76%,â2 123 kmâ2,â2 2.3727 kmâ2,,â2 2.3727 kmâ2,814765,37Â°50â²57â³N 106Â°55â²31â³W﻿ / ﻿37.849102Â°N 106.925415Â°W
Crested Butte,Town of Crested Butte,"July 15, 1880",home rule municipality,Gunnison County,map,125,1541,1487,+3.63%,â2 697 kmâ2,â2 2.1800 kmâ2,,â2 2.1800 kmâ2,818310,38Â°52â²04â³N 106Â°58â²38â³W﻿ / ﻿38.867736Â°N 106.977266Â°W
Crestone,Town of Crestone,"January 24, 1902",statutory town,Saguache County,map,246,137,127,+7.87%,â2 135 kmâ2,â2 0.9771 kmâ2,,â2 0.9771 kmâ2,818420,37Â°59â²40â³N 105Â°41â²47â³W﻿ / ﻿37.994497Â°N 105.696273Â°W
Cripple Creek,City of Cripple Creek,"June 9, 1892",statutory city,Teller County[8],map,136,1172,1189,â1.43%,â2 294 kmâ2,â2 3.9699 kmâ2,,â2 3.9699 kmâ2,818530,38Â°44â²46â³N 105Â°11â²03â³W﻿ / ﻿38.746149Â°N 105.184042Â°W
Crook,Town of Crook,"September 23, 1918",statutory town,Logan County,map,254,109,110,â0.91%,â2 315 kmâ2,â2 0.3464 kmâ2,,â2 0.3464 kmâ2,818640,40Â°51â²32â³N 102Â°48â²05â³W﻿ / ﻿40.858752Â°N 102.801392Â°W
Crowley,Town of Crowley,"October 10, 1921",statutory town,Crowley County,map,238,175,176,â0.57%,â2 291 kmâ2,â2 0.5840 kmâ2,,â2 0.5840 kmâ2,818750,38Â°11â²37â³N 103Â°51â²35â³W﻿ / ﻿38.193506Â°N 103.859744Â°W
Dacono,City of Dacono,"September 23, 1908",home rule municipality,Weld County,map,81,4544,4152,+9.44%,â2 208 kmâ2,â2 21.0328 kmâ2,â2 0.0235 kmâ2,â2 21.0563 kmâ2,819080,40Â°03â²49â³N 104Â°56â²48â³W﻿ / ﻿40.063521Â°N 104.946804Â°W
De Beque,Town of De Beque,"January 18, 1890",statutory town,Mesa County,map,195,496,504,â1.59%,â2 45 kmâ2,â2 11.1401 kmâ2,â2 0.0664 kmâ2,â2 11.2065 kmâ2,819355,39Â°16â²33â³N 108Â°11â²36â³W﻿ / ﻿39.275733Â°N 108.193405Â°W
Deer Trail,Town of Deer Trail,"February 3, 1920",statutory town,Arapahoe County,map,187,576,546,+5.49%,â2 203 kmâ2,â2 2.7748 kmâ2,â2 0.0111 kmâ2,â2 2.7859 kmâ2,819630,39Â°36â²57â³N 104Â°02â²35â³W﻿ / ﻿39.615892Â°N 104.043007Â°W
Del Norte,Town of Del Norte,"November 15, 1895",statutory town,Rio Grande County[8],map,122,1629,1686,â3.38%,â2 634 kmâ2,â2 2.6093 kmâ2,,â2 2.6093 kmâ2,819795,37Â°40â²42â³N 106Â°21â²14â³W﻿ / ﻿37.678447Â°N 106.353931Â°W
Delta,City of Delta,"October 24, 1882",home rule municipality,Delta County[8],map,51,8720,8915,â2.19%,â2 256 kmâ2,â2 34.5635 kmâ2,â2 0.7286 kmâ2,â2 35.2922 kmâ2,819850,38Â°45â²27â³N 108Â°05â²17â³W﻿ / ﻿38.757372Â°N 108.087959Â°W
Denver,City and County of Denver,"December 3, 1859[22][23]",consolidated city and county,City and County of Denver[24][25],map,1,663862,600158,+10.61%,â2 1639 kmâ2,â2 396.3650 kmâ2,â2 4.2086 kmâ2,â2 400.5735 kmâ2,820000,39Â°45â²43â³N 104Â°52â²52â³W﻿ / ﻿39.761850Â°N 104.881105Â°W
Dillon,Town of Dillon,"January 26, 1883",home rule municipality,Summit County,map,149,937,904,+3.65%,â2 226 kmâ2,â2 4.0648 kmâ2,â2 2.2241 kmâ2,â2 6.2889 kmâ2,820440,39Â°37â²33â³N 106Â°02â²37â³W﻿ / ﻿39.625881Â°N 106.043728Â°W
Dinosaur,Town of Dinosaur,"December 18, 1947[26]",statutory town,Moffat County,map,216,312,339,â7.96%,â2 157 kmâ2,â2 2.0324 kmâ2,,â2 2.0324 kmâ2,820495,40Â°14â²26â³N 109Â°00â²31â³W﻿ / ﻿40.240551Â°N 109.008590Â°W
Dolores,Town of Dolores,"July 19, 1900",statutory town,Montezuma County,map,148,948,936,+1.28%,â2 500 kmâ2,â2 1.8852 kmâ2,,â2 1.8852 kmâ2,820770,37Â°28â²26â³N 108Â°29â²59â³W﻿ / ﻿37.473990Â°N 108.499824Â°W
Dove Creek,Town of Dove Creek,"June 15, 1939",statutory town,Dolores County[8],map,174,703,735,â4.35%,â2 518 kmâ2,â2 1.3916 kmâ2,,â2 1.3916 kmâ2,821265,37Â°46â²00â³N 108Â°54â²23â³W﻿ / ﻿37.766665Â°N 108.906297Â°W
Durango,City of Durango,"April 27, 1881",home rule municipality,La Plata County[8],map,33,17834,16887,+5.61%,â2 612 kmâ2,â2 28.6743 kmâ2,â2 0.0854 kmâ2,â2 28.7597 kmâ2,822035,37Â°16â²24â³N 107Â°52â²18â³W﻿ / ﻿37.273267Â°N 107.871692Â°W
Eads,Town of Eads,"January 29, 1916",statutory town,Kiowa County[8],map,185,599,609,â1.64%,â2 501 kmâ2,â2 1.2167 kmâ2,,â2 1.2167 kmâ2,822145,38Â°28â²53â³N 102Â°46â²47â³W﻿ / ﻿38.481346Â°N 102.779776Â°W
Eagle,Town of Eagle,"April 5, 1905",statutory town,Eagle County[8],map,62,6572,6508,+0.98%,â2 548 kmâ2,â2 11.8949 kmâ2,â2 0.0520 kmâ2,â2 11.9469 kmâ2,822200,39Â°38â²04â³N 106Â°48â²59â³W﻿ / ﻿39.634496Â°N 106.816402Â°W
Eaton,Town of Eaton,"December 5, 1892",statutory town,Weld County,map,78,4815,4365,+10.31%,â2 760 kmâ2,â2 6.1177 kmâ2,,â2 6.1177 kmâ2,822860,40Â°31â²31â³N 104Â°42â²48â³W﻿ / ﻿40.525181Â°N 104.713308Â°W
Eckley,Town of Eckley,"June 16, 1920",statutory town,Yuma County,map,227,255,257,â0.78%,â2 208 kmâ2,â2 1.2346 kmâ2,,â2 1.2346 kmâ2,823025,40Â°06â²45â³N 102Â°29â²19â³W﻿ / ﻿40.112467Â°N 102.488545Â°W
Edgewater,City of Edgewater,"November 5, 1904",home rule municipality,Jefferson County,map,76,5289,5170,+2.30%,â2 2908 kmâ2,â2 1.8072 kmâ2,,â2 1.8072 kmâ2,823135,39Â°45â²03â³N 105Â°03â²45â³W﻿ / ﻿39.750820Â°N 105.062615Â°W
Elizabeth,Town of Elizabeth,"October 9, 1890",statutory town,Elbert County,map,130,1395,1358,+2.72%,â2 424 kmâ2,â2 3.2348 kmâ2,,â2 3.2348 kmâ2,823740,39Â°21â²40â³N 104Â°36â²22â³W﻿ / ﻿39.361015Â°N 104.606172Â°W
Empire,Town of Empire,"April 12, 1882",statutory town,Clear Creek County,map,218,283,282,+0.35%,â2 436 kmâ2,â2 0.6335 kmâ2,â2 0.0058 kmâ2,â2 0.6393 kmâ2,824620,39Â°45â²35â³N 105Â°40â²58â³W﻿ / ﻿39.759710Â°N 105.682813Â°W
Englewood,City of Englewood,"May 9, 1903",home rule municipality,Arapahoe County,map,23,32480,30255,+7.35%,â2 1857 kmâ2,â2 16.9684 kmâ2,â2 0.2274 kmâ2,â2 17.1958 kmâ2,824785,39Â°38â²47â³N 104Â°59â²38â³W﻿ / ﻿39.646505Â°N 104.994001Â°W
Erie,Town of Erie,"November 15, 1885",statutory town,Boulder CountyWeld County,map,28,20493,18135,+13.00%,â2 441 kmâ2,â2 44.7185 kmâ2,â2 0.3271 kmâ2,â2 45.0457 kmâ2,824950,40Â°02â²25â³N 105Â°02â²22â³W﻿ / ﻿40.040351Â°N 105.039365Â°W
Estes Park,Town of Estes Park,"April 17, 1917",statutory town,Larimer County,map,66,6165,5858,+5.24%,â2 351 kmâ2,â2 17.3525 kmâ2,â2 0.2238 kmâ2,â2 17.5764 kmâ2,825115,40Â°22â²38â³N 105Â°31â²32â³W﻿ / ﻿40.377117Â°N 105.525514Â°W
Evans,City of Evans,"November 15, 1885",home rule municipality,Weld County,map,29,20473,18537,+10.44%,â2 758 kmâ2,â2 26.2946 kmâ2,â2 0.8906 kmâ2,â2 27.1851 kmâ2,825280,40Â°21â²01â³N 104Â°44â²54â³W﻿ / ﻿40.350168Â°N 104.748388Â°W
Fairplay,Town of Fairplay,"November 15, 1872",statutory town,Park County[8],map,175,679,679,,â2 227 kmâ2,â2 2.9642 kmâ2,â2 0.0247 kmâ2,â2 2.9889 kmâ2,825610,39Â°13â²26â³N 105Â°59â²38â³W﻿ / ﻿39.223780Â°N 105.994005Â°W
Federal Heights,City of Federal Heights,"May 19, 1940",home rule municipality,Adams County,map,42,12178,11467,+6.20%,â2 2603 kmâ2,â2 4.5995 kmâ2,â2 0.0055 kmâ2,â2 4.6049 kmâ2,826270,39Â°51â²53â³N 105Â°00â²59â³W﻿ / ﻿39.864590Â°N 105.016341Â°W
Firestone,Town of Firestone,"October 8, 1908",statutory town,Weld County,map,43,11537,10147,+13.70%,â2 378 kmâ2,â2 29.5504 kmâ2,â2 0.4622 kmâ2,â2 30.0126 kmâ2,826600,40Â°08â²57â³N 104Â°57â²43â³W﻿ / ﻿40.149261Â°N 104.961932Â°W
Flagler,Town of Flagler,"November 2, 1916",statutory town,Kit Carson County,map,189,561,561,,â2 171 kmâ2,â2 3.3070 kmâ2,,â2 3.3070 kmâ2,826765,39Â°17â²44â³N 103Â°04â²36â³W﻿ / ﻿39.295491Â°N 103.076707Â°W
Fleming,Town of Fleming,"May 5, 1917",statutory town,Logan County,map,207,399,408,â2.21%,â2 297 kmâ2,â2 1.3482 kmâ2,,â2 1.3482 kmâ2,826875,40Â°40â²54â³N 102Â°50â²22â³W﻿ / ﻿40.681771Â°N 102.839443Â°W
Florence,City of Florence,"September 13, 1887",statutory city,Fremont County,map,88,3852,3881,â0.75%,â2 356 kmâ2,â2 10.7990 kmâ2,â2 0.0097 kmâ2,â2 10.8087 kmâ2,827040,38Â°22â²47â³N 105Â°05â²53â³W﻿ / ﻿38.379826Â°N 105.098107Â°W
Fort Collins,City of Fort Collins,"February 12, 1883",home rule municipality,Larimer County[8],map,4,156480,143986,+8.68%,â2 1075 kmâ2,â2 141.4607 kmâ2,â2 3.1707 kmâ2,â2 144.6314 kmâ2,827425,40Â°32â²54â³N 105Â°03â²53â³W﻿ / ﻿40.548216Â°N 105.064833Â°W
Fort Lupton,City of Fort Lupton,"January 15, 1890",statutory city,Weld County,map,54,7783,7377,+5.50%,â2 385 kmâ2,â2 19.9833 kmâ2,â2 0.0965 kmâ2,â2 20.0799 kmâ2,827700,40Â°04â²53â³N 104Â°47â²55â³W﻿ / ﻿40.081503Â°N 104.798544Â°W
Fort Morgan,City of Fort Morgan,"June 15, 1887",home rule municipality,Morgan County[8],map,44,11329,11315,+0.12%,â2 1000 kmâ2,â2 11.4030 kmâ2,â2 0.1785 kmâ2,â2 11.5815 kmâ2,827810,40Â°15â²22â³N 103Â°47â²29â³W﻿ / ﻿40.256029Â°N 103.791319Â°W
Fountain,City of Fountain,"April 23, 1903",home rule municipality,El Paso County,map,25,27631,25846,+6.91%,â2 430 kmâ2,â2 63.4592 kmâ2,â2 0.0935 kmâ2,â2 63.5527 kmâ2,827865,38Â°41â²58â³N 104Â°41â²59â³W﻿ / ﻿38.699580Â°N 104.699758Â°W
Fowler,Town of Fowler,"August 25, 1900",statutory town,Otero County,map,138,1155,1182,â2.28%,â2 862 kmâ2,â2 1.3560 kmâ2,,â2 1.3560 kmâ2,827975,38Â°07â²47â³N 104Â°01â²32â³W﻿ / ﻿38.129631Â°N 104.025673Â°W
Foxfield,Town of Foxfield,"December 15, 1994",statutory town,Arapahoe County,map,168,741,685,+8.18%,â2 221 kmâ2,â2 3.3087 kmâ2,,â2 3.3087 kmâ2,828105,39Â°35â²18â³N 104Â°47â²09â³W﻿ / ﻿39.588405Â°N 104.785823Â°W
Fraser,Town of Fraser,"June 15, 1953",statutory town,Grand County,map,137,1165,1224,â4.82%,â2 127 kmâ2,â2 9.0815 kmâ2,â2 0.0129 kmâ2,â2 9.0944 kmâ2,828305,39Â°55â²24â³N 105Â°48â²19â³W﻿ / ﻿39.923324Â°N 105.805286Â°W
Frederick,Town of Frederick,"September 9, 1908",statutory town,Weld County,map,45,10927,8679,+25.90%,â2 283 kmâ2,â2 36.0270 kmâ2,â2 0.3453 kmâ2,â2 36.3723 kmâ2,828360,40Â°06â²34â³N 104Â°57â²55â³W﻿ / ﻿40.109362Â°N 104.965251Â°W
Frisco,Town of Frisco,"December 3, 1880",home rule municipality,Summit County,map,93,2914,2683,+8.61%,â2 646 kmâ2,â2 4.3645 kmâ2,â2 0.2648 kmâ2,â2 4.6293 kmâ2,828690,39Â°34â²43â³N 106Â°05â²28â³W﻿ / ﻿39.578482Â°N 106.090973Â°W
Fruita,City of Fruita,"April 18, 1894",home rule municipality,Mesa County,map,40,12761,12646,+0.91%,â2 644 kmâ2,â2 19.7450 kmâ2,â2 0.4814 kmâ2,â2 20.2264 kmâ2,828745,39Â°09â²14â³N 108Â°43â²42â³W﻿ / ﻿39.153960Â°N 108.728196Â°W
Garden City,Town of Garden City,"September 14, 1936",statutory town,Weld County,map,223,264,234,+12.82%,â2 896 kmâ2,â2 0.2924 kmâ2,,â2 0.2924 kmâ2,829185,40Â°23â²41â³N 104Â°41â²22â³W﻿ / ﻿40.394591Â°N 104.689494Â°W
Genoa,Town of Genoa,"July 27, 1905",statutory town,Lincoln County,map,245,140,139,+0.72%,â2 149 kmâ2,â2 0.9262 kmâ2,,â2 0.9262 kmâ2,829680,39Â°16â²42â³N 103Â°29â²56â³W﻿ / ﻿39.278330Â°N 103.498786Â°W
Georgetown,Town of Georgetown,"January 10, 1868",territorial charter municipality,Clear Creek County[8],map,142,1038,1034,+0.39%,â2 410 kmâ2,â2 2.5094 kmâ2,â2 0.2624 kmâ2,â2 2.7718 kmâ2,829735,39Â°43â²17â³N 105Â°41â²39â³W﻿ / ﻿39.721298Â°N 105.694029Â°W
Gilcrest,Town of Gilcrest,"March 18, 1912",statutory town,Weld County,map,140,1080,1034,+4.45%,â2 511 kmâ2,â2 2.1004 kmâ2,,â2 2.1004 kmâ2,829955,40Â°17â²03â³N 104Â°46â²55â³W﻿ / ﻿40.284156Â°N 104.782024Â°W
Glendale,City of Glendale,"May 19, 1952",home rule municipality,Arapahoe County,map,77,5115,4184,+22.25%,â2 3020 kmâ2,â2 1.4943 kmâ2,â2 0.0057 kmâ2,â2 1.5000 kmâ2,830340,39Â°42â²11â³N 104Â°56â²10â³W﻿ / ﻿39.702917Â°N 104.936069Â°W
Glenwood Springs,City of Glenwood Springs,"September 4, 1885",home rule municipality,Garfield County[8],map,47,9840,9614,+2.35%,â2 668 kmâ2,â2 14.7184 kmâ2,â2 0.0231 kmâ2,â2 14.7415 kmâ2,830780,39Â°33â²02â³N 107Â°19â²28â³W﻿ / ﻿39.550626Â°N 107.324308Â°W
Golden,City of Golden,"January 2, 1871[27]",home rule municipality,Jefferson County[8],map,30,20201,18867,+7.07%,â2 752 kmâ2,â2 25.7852 kmâ2,â2 0.2507 kmâ2,â2 26.0359 kmâ2,830835,39Â°44â²33â³N 105Â°12â²38â³W﻿ / ﻿39.742483Â°N 105.210561Â°W
Granada,Town of Granada,"July 25, 1887",statutory town,Prowers County,map,196,490,517,â5.22%,â2 274 kmâ2,â2 1.8268 kmâ2,,â2 1.8268 kmâ2,831550,38Â°03â²47â³N 102Â°18â²42â³W﻿ / ﻿38.062975Â°N 102.311707Â°W
Granby,Town of Granby,"December 11, 1905",statutory town,Grand County,map,117,1808,1864,â3.00%,â2 53 kmâ2,â2 33.6263 kmâ2,,â2 33.6263 kmâ2,831605,40Â°02â²13â³N 105Â°54â²01â³W﻿ / ﻿40.036989Â°N 105.900174Â°W
Grand Junction,City of Grand Junction,"July 22, 1882",home rule municipality,Mesa County[8],map,16,60210,58566,+2.81%,â2 593 kmâ2,â2 100.8486 kmâ2,â2 0.9181 kmâ2,â2 101.7667 kmâ2,831660,39Â°05â²21â³N 108Â°34â²03â³W﻿ / ﻿39.089062Â°N 108.567452Â°W
Grand Lake,Town of Grand Lake,"June 23, 1944",statutory town,Grand County,map,200,466,471,â1.06%,â2 168 kmâ2,â2 2.7170 kmâ2,â2 0.0013 kmâ2,â2 2.7183 kmâ2,831715,40Â°14â²48â³N 105Â°49â²32â³W﻿ / ﻿40.246652Â°N 105.825629Â°W
Greeley,City of Greeley,"November 15, 1885",home rule municipality,Weld County[8],map,12,98596,92889,+6.14%,â2 791 kmâ2,â2 122.0442 kmâ2,â2 0.3172 kmâ2,â2 122.3614 kmâ2,832155,40Â°24â²51â³N 104Â°46â²16â³W﻿ / ﻿40.414034Â°N 104.771043Â°W
Green Mountain Falls,Town of Green Mountain Falls,"August 19, 1880",statutory town,El Paso CountyTeller County,map,176,676,640,+5.62%,â2 242 kmâ2,â2 2.7642 kmâ2,â2 0.0041 kmâ2,â2 2.7683 kmâ2,832650,38Â°56â²06â³N 105Â°01â²11â³W﻿ / ﻿38.934954Â°N 105.019713Â°W
Greenwood Village,City of Greenwood Village,"September 19, 1950",home rule municipality,Arapahoe County,map,35,15385,13925,+10.48%,â2 685 kmâ2,â2 21.3776 kmâ2,â2 0.0321 kmâ2,â2 21.4097 kmâ2,833035,39Â°36â²57â³N 104Â°54â²42â³W﻿ / ﻿39.615934Â°N 104.911688Â°W
Grover,Town of Grover,"October 6, 1916",statutory town,Weld County,map,243,145,137,+5.84%,â2 90 kmâ2,â2 1.5422 kmâ2,,â2 1.5422 kmâ2,833310,40Â°52â²09â³N 104Â°13â²33â³W﻿ / ﻿40.869111Â°N 104.225932Â°W
Gunnison,City of Gunnison,"March 1, 1880",home rule municipality,Gunnison County[8],map,68,5973,5854,+2.03%,â2 545 kmâ2,â2 10.7667 kmâ2,,â2 10.7667 kmâ2,833640,38Â°32â²44â³N 106Â°55â²21â³W﻿ / ﻿38.545479Â°N 106.922551Â°W
Gypsum,Town of Gypsum,"November 25, 1911",home rule municipality,Eagle County,map,60,6797,6477,+4.94%,â2 298 kmâ2,â2 22.4069 kmâ2,â2 0.2200 kmâ2,â2 22.6270 kmâ2,833695,39Â°38â²24â³N 106Â°54â²41â³W﻿ / ﻿39.639971Â°N 106.911471Â°W
Hartman,Town of Hartman,"May 14, 1910",statutory town,Prowers County,map,260,73,81,â9.88%,â2 106 kmâ2,â2 0.7059 kmâ2,,â2 0.7059 kmâ2,834520,38Â°07â²16â³N 102Â°13â²18â³W﻿ / ﻿38.121118Â°N 102.221652Â°W
Haswell,Town of Haswell,"September 2, 1920",statutory town,Kiowa County,map,261,68,68,,â2 31 kmâ2,â2 2.2067 kmâ2,,â2 2.2067 kmâ2,834740,38Â°27â²09â³N 103Â°09â²54â³W﻿ / ﻿38.452451Â°N 103.164896Â°W
Haxtun,Town of Haxtun,"July 30, 1909",statutory town,Phillips County,map,150,933,946,â1.37%,â2 667 kmâ2,â2 1.3920 kmâ2,,â2 1.3920 kmâ2,834960,40Â°38â²29â³N 102Â°37â²46â³W﻿ / ﻿40.641520Â°N 102.629539Â°W
Hayden,Town of Hayden,"May 5, 1906",home rule municipality,Routt County,map,116,1837,1810,+1.49%,â2 231 kmâ2,â2 7.7821 kmâ2,,â2 7.7821 kmâ2,835070,40Â°29â²07â³N 107Â°14â²32â³W﻿ / ﻿40.485241Â°N 107.242311Â°W
Hillrose,Town of Hillrose,"May 20, 1919",statutory town,Morgan County,map,229,250,264,â5.30%,â2 498 kmâ2,â2 0.5021 kmâ2,,â2 0.5021 kmâ2,836610,40Â°19â²29â³N 103Â°31â²20â³W﻿ / ﻿40.324654Â°N 103.522175Â°W
Holly,Town of Holly,"September 4, 1903",statutory town,Prowers County,map,164,766,802,â4.49%,â2 415 kmâ2,â2 1.8784 kmâ2,â2 0.0026 kmâ2,â2 1.8810 kmâ2,837215,38Â°03â²20â³N 102Â°07â²29â³W﻿ / ﻿38.055639Â°N 102.124589Â°W
Holyoke,City of Holyoke,"May 31, 1888",home rule municipality,Phillips County[8],map,108,2263,2313,â2.16%,â2 369 kmâ2,â2 6.1272 kmâ2,â2 0.0180 kmâ2,â2 6.1452 kmâ2,837270,40Â°34â²56â³N 102Â°17â²54â³W﻿ / ﻿40.582094Â°N 102.298414Â°W
Hooper,Town of Hooper,"May 20, 1898",statutory town,Alamosa County,map,257,103,103,,â2 155 kmâ2,â2 0.6527 kmâ2,,â2 0.6527 kmâ2,837380,37Â°44â²46â³N 105Â°52â²40â³W﻿ / ﻿37.745976Â°N 105.877735Â°W
Hot Sulphur Springs,Town of Hot Sulphur Springs,"April 1, 1903",statutory town,Grand County[8],map,178,656,663,â1.06%,â2 325 kmâ2,â2 1.9664 kmâ2,,â2 1.9664 kmâ2,837600,40Â°04â²29â³N 106Â°06â²09â³W﻿ / ﻿40.074834Â°N 106.102486Â°W
Hotchkiss,Town of Hotchkiss,"March 14, 1901",statutory town,Delta County,map,152,907,944,â3.92%,â2 389 kmâ2,â2 2.3635 kmâ2,,â2 2.3635 kmâ2,837545,38Â°47â²57â³N 107Â°42â²49â³W﻿ / ﻿38.799065Â°N 107.713633Â°W
Hudson,Town of Hudson,"April 2, 1914",home rule municipality,Weld County,map,101,2569,2356,+9.04%,â2 194 kmâ2,â2 12.3994 kmâ2,â2 0.0519 kmâ2,â2 12.4513 kmâ2,837820,40Â°04â²42â³N 104Â°38â²28â³W﻿ / ﻿40.078388Â°N 104.641005Â°W
Hugo,Town of Hugo,"June 21, 1909",statutory town,Lincoln County[8],map,169,731,730,+0.14%,â2 297 kmâ2,â2 2.4319 kmâ2,,â2 2.4319 kmâ2,837875,39Â°08â²09â³N 103Â°28â²24â³W﻿ / ﻿39.135962Â°N 103.473373Â°W
Idaho Springs,City of Idaho Springs,"November 15, 1885",statutory city,Clear Creek County,map,120,1710,1717,â0.41%,â2 307 kmâ2,â2 5.4902 kmâ2,â2 0.0864 kmâ2,â2 5.5767 kmâ2,838370,39Â°44â²56â³N 105Â°30â²17â³W﻿ / ﻿39.748923Â°N 105.504759Â°W
Ignacio,Town of Ignacio,"July 7, 1913",statutory town,La Plata County,map,171,721,697,+3.44%,â2 660 kmâ2,â2 1.0762 kmâ2,,â2 1.0762 kmâ2,838535,37Â°07â²04â³N 107Â°38â²15â³W﻿ / ﻿37.117729Â°N 107.637460Â°W
Iliff,Town of Iliff[permanent dead link],"February 20, 1906",statutory town,Logan County,map,225,258,266,â3.01%,â2 393 kmâ2,â2 0.6537 kmâ2,,â2 0.6537 kmâ2,838590,40Â°45â²30â³N 103Â°03â²58â³W﻿ / ﻿40.758333Â°N 103.066128Â°W
Jamestown,Town of Jamestown,"June 22, 1883",statutory town,Boulder County,map,224,262,274,â4.38%,â2 175 kmâ2,â2 1.6151 kmâ2,â2 0.0010 kmâ2,â2 1.6161 kmâ2,839195,40Â°07â²01â³N 105Â°23â²21â³W﻿ / ﻿40.117078Â°N 105.389048Â°W
Johnstown,Town of Johnstown,"May 13, 1907",home rule municipality,Weld CountyLarimer County,map,38,13306,9887,+34.58%,â2 338 kmâ2,â2 35.7496 kmâ2,â2 0.2209 kmâ2,â2 35.9705 kmâ2,839855,40Â°23â²23â³N 104Â°58â²10â³W﻿ / ﻿40.389789Â°N 104.969443Â°W
Julesburg,Town of Julesburg,"November 18, 1886",statutory town,Sedgwick County[8],map,134,1211,1225,â1.14%,â2 317 kmâ2,â2 3.8432 kmâ2,,â2 3.8432 kmâ2,839965,40Â°59â²06â³N 102Â°15â²45â³W﻿ / ﻿40.984988Â°N 102.262580Â°W
Keenesburg,Town of Keenesburg,"June 4, 1919",statutory town,Weld County,map,135,1191,1127,+5.68%,â2 204 kmâ2,â2 5.7862 kmâ2,â2 0.0724 kmâ2,â2 5.8586 kmâ2,840185,40Â°06â²47â³N 104Â°29â²21â³W﻿ / ﻿40.112932Â°N 104.489163Â°W
Kersey,Town of Kersey,"December 3, 1908",statutory town,Weld County,map,124,1560,1454,+7.29%,â2 489 kmâ2,â2 3.1291 kmâ2,,â2 3.1291 kmâ2,840515,40Â°23â²15â³N 104Â°33â²57â³W﻿ / ﻿40.387430Â°N 104.565866Â°W
Kim,Town of Kim,1910,statutory town,Las Animas County,map,262,67,74,â9.46%,â2 70 kmâ2,â2 0.9809 kmâ2,,â2 0.9809 kmâ2,840570,37Â°14â²49â³N 103Â°21â²12â³W﻿ / ﻿37.247062Â°N 103.353411Â°W
Kiowa,Town of Kiowa,"December 30, 1912",home rule municipality,Elbert County[8],map,167,742,723,+2.63%,â2 318 kmâ2,â2 2.2908 kmâ2,â2 0.0054 kmâ2,â2 2.2963 kmâ2,840790,39Â°20â²37â³N 104Â°27â²26â³W﻿ / ﻿39.343530Â°N 104.457176Â°W
Kit Carson,Town of Kit Carson,"July 13, 1931",statutory town,Cheyenne County,map,234,235,233,+0.86%,â2 157 kmâ2,â2 1.5128 kmâ2,,â2 1.5128 kmâ2,841010,38Â°45â²46â³N 102Â°47â²43â³W﻿ / ﻿38.762823Â°N 102.795366Â°W
Kremmling,Town of Kremmling,"May 14, 1904",statutory town,Grand County,map,129,1404,1444,â2.77%,â2 406 kmâ2,â2 3.4269 kmâ2,,â2 3.4269 kmâ2,841560,40Â°03â²24â³N 106Â°22â²41â³W﻿ / ﻿40.056543Â°N 106.378160Â°W
La Jara,Town of La Jara[permanent dead link],"November 11, 1910",statutory town,Conejos County,map,160,817,818,â0.12%,â2 800 kmâ2,â2 1.0244 kmâ2,,â2 1.0244 kmâ2,842055,37Â°16â²25â³N 105Â°57â²35â³W﻿ / ﻿37.273562Â°N 105.959821Â°W
La Junta,City of La Junta,"April 23, 1881",home rule municipality,Otero County[8],map,58,6964,7077,â1.60%,â2 906 kmâ2,â2 7.8112 kmâ2,â2 0.0152 kmâ2,â2 7.8265 kmâ2,842110,37Â°58â²46â³N 103Â°32â²50â³W﻿ / ﻿37.979414Â°N 103.547336Â°W
La Veta,Town of La Veta,"June 16, 1886",statutory town,Huerfano County,map,166,758,800,â5.25%,â2 216 kmâ2,â2 3.5392 kmâ2,,â2 3.5392 kmâ2,844100,37Â°30â²31â³N 105Â°00â²31â³W﻿ / ﻿37.508562Â°N 105.008487Â°W
Lafayette,City of Lafayette,"January 6, 1890",home rule municipality,Boulder County,map,26,27081,24453,+10.75%,â2 1110 kmâ2,â2 24.1389 kmâ2,â2 0.5253 kmâ2,â2 24.6642 kmâ2,841835,39Â°59â²43â³N 105Â°05â²59â³W﻿ / ﻿39.995268Â°N 105.099620Â°W
Lake City,Town of Lake City,"September 19, 1884",statutory town,Hinsdale County[8],map,210,378,408,â7.35%,â2 182 kmâ2,â2 2.1551 kmâ2,â2 0.0250 kmâ2,â2 2.1801 kmâ2,842330,38Â°01â²50â³N 107Â°18â²37â³W﻿ / ﻿38.030504Â°N 107.310176Â°W
Lakeside[28],Town of Lakeside[permanent dead link],"November 25, 1907",statutory town,Jefferson County,map,271,8,8,,â2 16 kmâ2,â2 0.4860 kmâ2,â2 0.1573 kmâ2,â2 0.6432 kmâ2,842495,39Â°46â²45â³N 105Â°03â²28â³W﻿ / ﻿39.779075Â°N 105.057825Â°W
Lakewood,City of Lakewood,"June 24, 1969",home rule municipality,Jefferson County,map,5,149643,142980,+4.66%,â2 1326 kmâ2,â2 111.0391 kmâ2,â2 3.0563 kmâ2,â2 114.0954 kmâ2,843000,39Â°41â²56â³N 105Â°07â²03â³W﻿ / ﻿39.698942Â°N 105.117551Â°W
Lamar,City of Lamar,"December 5, 1886",home rule municipality,Prowers County[8],map,55,7608,7804,â2.51%,â2 597 kmâ2,â2 13.0288 kmâ2,â2 0.0006 kmâ2,â2 13.0294 kmâ2,843110,38Â°04â²29â³N 102Â°37â²00â³W﻿ / ﻿38.074729Â°N 102.616682Â°W
Larkspur,Town of Larkspur,1979,home rule municipality,Douglas County,map,236,198,183,+8.20%,â2 48 kmâ2,â2 4.0426 kmâ2,,â2 4.0426 kmâ2,843550,39Â°13â²47â³N 104Â°53â²09â³W﻿ / ﻿39.229776Â°N 104.885758Â°W
Las Animas,City of Las Animas,"May 15, 1886",statutory city,Bent County[8],map,110,2198,2410,â8.80%,â2 537 kmâ2,â2 4.1957 kmâ2,â2 0.1188 kmâ2,â2 4.3145 kmâ2,843660,38Â°04â²11â³N 103Â°13â²24â³W﻿ / ﻿38.069668Â°N 103.223229Â°W
LaSalle,Town of LaSalle,1910,statutory town,Weld County,map[permanent dead link],113,2047,1955,+4.71%,â2 861 kmâ2,â2 2.3572 kmâ2,,â2 2.3572 kmâ2,843605,40Â°20â²55â³N 104Â°42â²21â³W﻿ / ﻿40.348525Â°N 104.705927Â°W
Leadville,City of Leadville,"February 18, 1878",statutory city,Lake County[8],map,99,2595,2602,â0.27%,â2 903 kmâ2,â2 2.8565 kmâ2,,â2 2.8565 kmâ2,844320,39Â°14â²48â³N 106Â°17â²37â³W﻿ / ﻿39.246693Â°N 106.293509Â°W
Limon,Town of Limon,"November 18, 1909",statutory town,Lincoln County,map,115,1887,1880,+0.37%,â2 235 kmâ2,â2 7.9037 kmâ2,â2 0.0821 kmâ2,â2 7.9858 kmâ2,844980,39Â°15â²53â³N 103Â°41â²02â³W﻿ / ﻿39.264844Â°N 103.683757Â°W
Littleton,City of Littleton,"March 13, 1890",home rule municipality,Arapahoe County[8]Jefferson CountyDouglas County,map,20,44669,41737,+7.02%,â2 1342 kmâ2,â2 32.9849 kmâ2,â2 2.9212 kmâ2,â2 35.9061 kmâ2,845255,39Â°35â²25â³N 105Â°01â²12â³W﻿ / ﻿39.590375Â°N 105.020084Â°W
Lochbuie,Town of Lochbuie,May 1974,statutory town,Weld CountyAdams County,map,75,5302,4726,+12.19%,â2 539 kmâ2,â2 9.6325 kmâ2,â2 0.0595 kmâ2,â2 9.6920 kmâ2,845530,40Â°00â²38â³N 104Â°43â²28â³W﻿ / ﻿40.010496Â°N 104.724484Â°W
Log Lane Village,Town of Log Lane Village,"June 12, 1956",statutory town,Morgan County,map,156,872,873,â0.11%,â2 1225 kmâ2,â2 0.7093 kmâ2,,â2 0.7093 kmâ2,845695,40Â°16â²13â³N 103Â°49â²46â³W﻿ / ﻿40.270230Â°N 103.829382Â°W
Lone Tree,City of Lone Tree,November 1995,home rule municipality,Douglas County,map,37,13545,10218,+32.56%,â2 529 kmâ2,â2 25.0604 kmâ2,,â2 25.0604 kmâ2,845955,39Â°31â²51â³N 104Â°52â²16â³W﻿ / ﻿39.530744Â°N 104.871031Â°W
Longmont,City of Longmont,"November 15, 1885",home rule municipality,Boulder CountyWeld County,map,13,90237,86270,+4.60%,â2 1274 kmâ2,â2 70.5901 kmâ2,â2 3.8074 kmâ2,â2 74.3974 kmâ2,845970,40Â°10â²11â³N 105Â°05â²56â³W﻿ / ﻿40.169842Â°N 105.099006Â°W
Louisville,City of Louisville,"June 3, 1882",home rule municipality,Boulder County,map,31,20112,18376,+9.45%,â2 950 kmâ2,â2 20.6158 kmâ2,â2 0.2952 kmâ2,â2 20.9110 kmâ2,846355,39Â°58â²10â³N 105Â°08â²36â³W﻿ / ﻿39.969532Â°N 105.143215Â°W
Loveland,City of Loveland,"April 30, 1881",home rule municipality,Larimer County,map,14,72651,66859,+8.66%,â2 812 kmâ2,â2 87.8889 kmâ2,â2 3.8017 kmâ2,â2 91.6906 kmâ2,846465,40Â°25â²01â³N 105Â°03â²47â³W﻿ / ﻿40.416905Â°N 105.063111Â°W
Lyons,Town of Lyons,"April 10, 1891",statutory town,Boulder County,map,112,2108,2033,+3.69%,â2 655 kmâ2,â2 3.2090 kmâ2,â2 0.0423 kmâ2,â2 3.2514 kmâ2,847070,40Â°13â²23â³N 105Â°16â²07â³W﻿ / ﻿40.223050Â°N 105.268665Â°W
Manassa,Town of Manassa,"June 6, 1889",statutory town,Conejos County,map,145,978,991,â1.31%,â2 406 kmâ2,â2 2.4118 kmâ2,,â2 2.4118 kmâ2,848060,37Â°10â²26â³N 105Â°56â²14â³W﻿ / ﻿37.173841Â°N 105.937275Â°W
Mancos,Town of Mancos,"November 30, 1894",statutory town,Montezuma County,map,132,1377,1336,+3.07%,â2 823 kmâ2,â2 1.6532 kmâ2,,â2 1.6532 kmâ2,848115,37Â°20â²48â³N 108Â°17â²38â³W﻿ / ﻿37.346597Â°N 108.293856Â°W
Manitou Springs,City of Manitou Springs,"January 25, 1888",home rule municipality,El Paso County,map,74,5314,4992,+6.45%,â2 642 kmâ2,â2 8.1753 kmâ2,,â2 8.1753 kmâ2,848445,38Â°51â²27â³N 104Â°54â²45â³W﻿ / ﻿38.857602Â°N 104.912429Â°W
Manzanola,Town of Manzanola,"July 9, 1900",statutory town,Otero County,map,204,425,434,â2.07%,â2 601 kmâ2,â2 0.7158 kmâ2,,â2 0.7158 kmâ2,848500,38Â°06â²32â³N 103Â°52â²00â³W﻿ / ﻿38.108825Â°N 103.866778Â°W
Marble,Town of Marble,1899,statutory town,Gunnison County,map,248,131,131,,â2 127 kmâ2,â2 1.0218 kmâ2,,â2 1.0218 kmâ2,848555,39Â°04â²19â³N 107Â°11â²26â³W﻿ / ﻿39.071817Â°N 107.190467Â°W
Mead,Town of Mead,"March 17, 1908",statutory town,Weld County,map,84,4104,3405,+20.53%,â2 142 kmâ2,â2 27.9996 kmâ2,â2 0.2194 kmâ2,â2 28.2191 kmâ2,849600,40Â°13â²37â³N 104Â°59â²18â³W﻿ / ﻿40.226983Â°N 104.988312Â°W
Meeker,Town of Meeker,"November 10, 1885",statutory town,Rio Blanco County[8],map,105,2429,2475,â1.86%,â2 275 kmâ2,â2 9.0785 kmâ2,,â2 9.0785 kmâ2,849875,40Â°02â²59â³N 107Â°53â²43â³W﻿ / ﻿40.049800Â°N 107.895355Â°W
Merino,Town of Merino,"January 4, 1917",statutory town,Logan County,map,219,282,284,â0.70%,â2 637 kmâ2,â2 0.4332 kmâ2,,â2 0.4332 kmâ2,850040,40Â°29â²05â³N 103Â°21â²13â³W﻿ / ﻿40.484825Â°N 103.353616Â°W
Milliken,Town of Milliken,"October 1, 1910",statutory town,Weld County,map,67,6091,5610,+8.57%,â2 182 kmâ2,â2 32.6074 kmâ2,â2 0.2187 kmâ2,â2 32.8261 kmâ2,850480,40Â°18â²38â³N 104Â°51â²30â³W﻿ / ﻿40.310502Â°N 104.858384Â°W
Minturn,Town of Minturn,"November 23, 1904",home rule municipality,Eagle County,map,143,1035,1027,+0.78%,â2 52 kmâ2,â2 19.8389 kmâ2,â2 0.4672 kmâ2,â2 20.3061 kmâ2,850920,39Â°32â²08â³N 106Â°22â²54â³W﻿ / ﻿39.535508Â°N 106.381727Â°W
Moffat,Town of Moffat,"April 20, 1911",statutory town,Saguache County,map,252,116,116,,â2 32 kmâ2,â2 3.6296 kmâ2,,â2 3.6296 kmâ2,851250,38Â°00â²07â³N 105Â°54â²20â³W﻿ / ﻿38.001997Â°N 105.905455Â°W
Monte Vista,City of Monte Vista,"September 27, 1886",home rule municipality,Rio Grande County,map,82,4311,4444,â2.99%,â2 653 kmâ2,â2 6.7150 kmâ2,â2 0.0465 kmâ2,â2 6.7614 kmâ2,851635,37Â°34â²43â³N 106Â°09â²02â³W﻿ / ﻿37.578541Â°N 106.150630Â°W
Montezuma,Town of Montezuma[permanent dead link],1882,statutory town,Summit County,map[permanent dead link],262,67,65,+3.08%,â2 321 kmâ2,â2 0.2053 kmâ2,,â2 0.2053 kmâ2,851690,39Â°34â²54â³N 105Â°52â²05â³W﻿ / ﻿39.581706Â°N 105.868071Â°W
Montrose,City of Montrose,"May 1, 1882",home rule municipality,Montrose County[8],map,32,19045,19132,â0.45%,â2 417 kmâ2,â2 45.6058 kmâ2,,â2 45.6058 kmâ2,851745,38Â°28â²09â³N 107Â°51â²38â³W﻿ / ﻿38.469173Â°N 107.860682Â°W
Monument,Town of Monument,"May 14, 1881",statutory town,El Paso County,map,65,6391,5530,+15.57%,â2 333 kmâ2,â2 17.4913 kmâ2,â2 0.1288 kmâ2,â2 17.6200 kmâ2,851800,39Â°04â²29â³N 104Â°50â²38â³W﻿ / ﻿39.074698Â°N 104.843906Â°W
Morrison,Town of Morrison,"January 29, 1906",home rule municipality,Jefferson County,map,203,431,428,+0.70%,â2 76 kmâ2,â2 5.6683 kmâ2,â2 0.0089 kmâ2,â2 5.6773 kmâ2,852075,39Â°37â²32â³N 105Â°12â²29â³W﻿ / ﻿39.625613Â°N 105.207919Â°W
Mount Crested Butte[29],Town of Mount Crested Butte,1973,home rule municipality,Gunnison County,map[permanent dead link],193,522,507,+2.96%,â2 90 kmâ2,â2 5.7463 kmâ2,,â2 5.7463 kmâ2,852570,38Â°54â²30â³N 106Â°57â²31â³W﻿ / ﻿38.908453Â°N 106.958673Â°W
Mountain View[30],Town of Mountain View,"October 11, 1904",home rule municipality,Jefferson County,map,131,1387,1320,+5.08%,â2 5677 kmâ2,â2 0.2408 kmâ2,,â2 0.2408 kmâ2,852350,39Â°46â²29â³N 105Â°03â²24â³W﻿ / ﻿39.774776Â°N 105.056711Â°W
Mountain Village,Town of Mountain Village,"March 10, 1995",home rule municipality,San Miguel County,map,161,809,801,+1.00%,â2 92 kmâ2,â2 8.7498 kmâ2,,â2 8.7498 kmâ2,852550,37Â°55â²57â³N 107Â°51â²28â³W﻿ / ﻿37.932377Â°N 107.857854Â°W
Naturita,Town of Naturita,"November 30, 1951",statutory town,Montrose County,map,191,530,546,â2.93%,â2 295 kmâ2,â2 1.7798 kmâ2,,â2 1.7798 kmâ2,853120,38Â°13â²07â³N 108Â°34â²06â³W﻿ / ﻿38.218554Â°N 108.568286Â°W
Nederland,Town of Nederland,"November 15, 1885",statutory town,Boulder County,map,126,1504,1445,+4.08%,â2 389 kmâ2,â2 3.8283 kmâ2,â2 0.1797 kmâ2,â2 4.0080 kmâ2,853175,39Â°57â²50â³N 105Â°30â²21â³W﻿ / ﻿39.963815Â°N 105.505864Â°W
New Castle,Town of New Castle,"March 27, 1890",home rule municipality,Garfield County,map,80,4608,4518,+1.99%,â2 665 kmâ2,â2 6.8826 kmâ2,â2 0.0842 kmâ2,â2 6.9669 kmâ2,853395,39Â°34â²42â³N 107Â°31â²34â³W﻿ / ﻿39.578289Â°N 107.526243Â°W
Northglenn,City of Northglenn,"April 19, 1969",home rule municipality,Adams CountyWeld County,map,21,38596,35789,+7.84%,â2 1968 kmâ2,â2 19.0514 kmâ2,â2 0.2391 kmâ2,â2 19.2905 kmâ2,854330,39Â°54â²40â³N 104Â°58â²44â³W﻿ / ﻿39.911166Â°N 104.978840Â°W
Norwood,Town of Norwood,"August 20, 1903",statutory town,San Miguel County,map,190,554,518,+6.95%,â2 722 kmâ2,â2 0.7511 kmâ2,,â2 0.7511 kmâ2,854880,38Â°07â²44â³N 108Â°17â²30â³W﻿ / ﻿38.128846Â°N 108.291711Â°W
Nucla,Town of Nucla,"March 14, 1915",statutory town,Montrose County,map,173,704,711,â0.98%,â2 372 kmâ2,â2 1.8634 kmâ2,,â2 1.8634 kmâ2,854935,38Â°16â²00â³N 108Â°32â²55â³W﻿ / ﻿38.266534Â°N 108.548716Â°W
Nunn,Town of Nunn,"March 28, 1908",statutory town,Weld County,map,201,440,416,+5.77%,â2 54 kmâ2,â2 8.0717 kmâ2,,â2 8.0717 kmâ2,855045,40Â°42â²43â³N 104Â°47â²23â³W﻿ / ﻿40.711917Â°N 104.789804Â°W
Oak Creek,Town of Oak Creek,"December 26, 1907",statutory town,Routt County,map,154,892,884,+0.90%,â2 983 kmâ2,â2 0.8916 kmâ2,,â2 0.8916 kmâ2,855155,40Â°16â²26â³N 106Â°57â²25â³W﻿ / ﻿40.273991Â°N 106.957083Â°W
Olathe,Town of Olathe,"October 16, 1907",statutory town,Montrose County,map,118,1804,1849,â2.43%,â2 482 kmâ2,â2 3.7579 kmâ2,,â2 3.7579 kmâ2,855540,38Â°36â²30â³N 107Â°58â²58â³W﻿ / ﻿38.608319Â°N 107.982841Â°W
Olney Springs,Town of Olney Springs,"May 27, 1912",statutory town,Crowley County,map,215,334,345,â3.19%,â2 526 kmâ2,â2 0.6231 kmâ2,,â2 0.6231 kmâ2,855705,38Â°09â²59â³N 103Â°56â²40â³W﻿ / ﻿38.166274Â°N 103.944491Â°W
Ophir,Town of Ophir,1881,home rule municipality,San Miguel County,map,240,167,159,+5.03%,â2 360 kmâ2,â2 0.4555 kmâ2,,â2 0.4555 kmâ2,855870,37Â°51â²25â³N 107Â°49â²44â³W﻿ / ﻿37.856840Â°N 107.829023Â°W
Orchard City,Town of Orchard City,"May 25, 1912",statutory town,Delta County,map,91,3025,3119,â3.01%,â2 104 kmâ2,â2 29.5435 kmâ2,â2 0.0186 kmâ2,â2 29.5621 kmâ2,855980,38Â°48â²51â³N 107Â°58â²03â³W﻿ / ﻿38.814059Â°N 107.967542Â°W
Ordway,Town of Ordway,"September 4, 1900",statutory town,Crowley County[8],map,141,1059,1080,â1.94%,â2 520 kmâ2,â2 1.9980 kmâ2,,â2 1.9980 kmâ2,856145,38Â°13â²15â³N 103Â°45â²24â³W﻿ / ﻿38.220898Â°N 103.756679Â°W
Otis,Town of Otis,"March 27, 1917",statutory town,Washington County,map,199,468,475,â1.47%,â2 442 kmâ2,â2 1.0697 kmâ2,,â2 1.0697 kmâ2,856365,40Â°09â²00â³N 102Â°57â²44â³W﻿ / ﻿40.150129Â°N 102.962138Â°W
Ouray,City of Ouray,"March 24, 1884",home rule municipality,Ouray County[8],map,144,1021,1000,+2.10%,â2 444 kmâ2,â2 2.2816 kmâ2,,â2 2.2816 kmâ2,856420,38Â°01â²39â³N 107Â°40â²25â³W﻿ / ﻿38.027430Â°N 107.673580Â°W
Ovid,Town of Ovid,"December 21, 1925",statutory town,Sedgwick County,map,217,308,318,â3.14%,â2 748 kmâ2,â2 0.4197 kmâ2,,â2 0.4197 kmâ2,856475,40Â°57â²38â³N 102Â°23â²18â³W﻿ / ﻿40.960564Â°N 102.388352Â°W
Pagosa Springs,Town of Pagosa Springs,"March 18, 1891",home rule municipality,Archuleta County[8],map,119,1743,1727,+0.93%,â2 136 kmâ2,â2 12.6154 kmâ2,â2 0.0675 kmâ2,â2 12.6829 kmâ2,856860,37Â°15â²49â³N 107Â°00â²13â³W﻿ / ﻿37.263604Â°N 107.003530Â°W
Palisade,Town of Palisade,"April 4, 1904",statutory town,Mesa County,map,97,2645,2692,â1.75%,â2 941 kmâ2,â2 2.7991 kmâ2,â2 0.0143 kmâ2,â2 2.8134 kmâ2,856970,39Â°06â²27â³N 108Â°21â²33â³W﻿ / ﻿39.107404Â°N 108.359087Â°W
Palmer Lake,Town of Palmer Lake,"March 12, 1889",statutory town,El Paso County,map,100,2579,2420,+6.57%,â2 317 kmâ2,â2 8.0088 kmâ2,â2 0.0560 kmâ2,â2 8.0647 kmâ2,857025,39Â°06â²48â³N 104Â°53â²59â³W﻿ / ﻿39.113465Â°N 104.899806Â°W
Paoli,Town of Paoli[permanent dead link],"August 6, 1930",statutory town,Phillips County,map,269,33,34,â2.94%,â2 43 kmâ2,â2 0.7905 kmâ2,,â2 0.7905 kmâ2,857245,40Â°36â²46â³N 102Â°28â²19â³W﻿ / ﻿40.612871Â°N 102.472061Â°W
Paonia,Town of Paonia,"September 3, 1902",statutory town,Delta County,map,127,1413,1451,â2.62%,â2 645 kmâ2,â2 2.2231 kmâ2,,â2 2.2231 kmâ2,857300,38Â°52â²11â³N 107Â°35â²29â³W﻿ / ﻿38.869824Â°N 107.591433Â°W
Parachute,Town of Parachute,"April 1, 1908[31]",home rule municipality,Garfield County,map,139,1098,1085,+1.20%,â2 263 kmâ2,â2 4.1649 kmâ2,â2 0.1601 kmâ2,â2 4.3250 kmâ2,857400,39Â°27â²00â³N 108Â°03â²20â³W﻿ / ﻿39.450047Â°N 108.055481Â°W
Parker,Town of Parker,May 1981,home rule municipality,Douglas County,map,19,49857,45297,+10.07%,â2 886 kmâ2,â2 54.8613 kmâ2,â2 0.0208 kmâ2,â2 54.8821 kmâ2,857630,39Â°30â²15â³N 104Â°46â²23â³W﻿ / ﻿39.504167Â°N 104.773173Â°W
Peetz,Town of Peetz,"May 17, 1917",statutory town,Logan County,map,233,237,238,â0.42%,â2 462 kmâ2,â2 0.4958 kmâ2,,â2 0.4958 kmâ2,858235,40Â°57â²43â³N 103Â°06â²51â³W﻿ / ﻿40.962046Â°N 103.114231Â°W
Pierce,Town of Pierce,"August 30, 1918",statutory town,Weld County,map,157,871,834,+4.44%,â2 398 kmâ2,â2 2.1730 kmâ2,,â2 2.1730 kmâ2,859005,40Â°38â²01â³N 104Â°45â²19â³W﻿ / ﻿40.633499Â°N 104.755178Â°W
Pitkin,Town of Pitkin,"April 5, 1880",statutory town,Gunnison County,map,262,67,66,+1.52%,â2 96 kmâ2,â2 0.6992 kmâ2,,â2 0.6992 kmâ2,859830,38Â°36â²31â³N 106Â°30â²59â³W﻿ / ﻿38.608612Â°N 106.516466Â°W
Platteville,Town of Platteville,"January 1, 1887",statutory town,Weld County,map,98,2608,2485,+4.95%,â2 345 kmâ2,â2 7.4413 kmâ2,â2 0.0266 kmâ2,â2 7.4680 kmâ2,860160,40Â°13â²00â³N 104Â°49â²27â³W﻿ / ﻿40.216683Â°N 104.824077Â°W
Poncha Springs,Town of Poncha Springs,"December 16, 1880",statutory town,Chaffee County,map,165,764,737,+3.66%,â2 109 kmâ2,â2 7.0307 kmâ2,,â2 7.0307 kmâ2,860600,38Â°31â²08â³N 106Â°04â²21â³W﻿ / ﻿38.518844Â°N 106.072576Â°W
Pritchett,Town of Pritchett,1923,statutory town,Baca County,map,247,136,140,â2.86%,â2 227 kmâ2,â2 0.6036 kmâ2,,â2 0.6036 kmâ2,861315,37Â°22â²12â³N 102Â°51â²31â³W﻿ / ﻿37.370009Â°N 102.858749Â°W
Pueblo,City of Pueblo,"November 15, 1885",home rule municipality,Pueblo County[8],map,9,108423,106595,+1.71%,â2 780 kmâ2,â2 138.8020 kmâ2,â2 2.0337 kmâ2,â2 140.8357 kmâ2,862000,38Â°16â²12â³N 104Â°36â²44â³W﻿ / ﻿38.269934Â°N 104.612294Â°W
Ramah,Town of Ramah,"July 18, 1927",statutory town,El Paso County,map,249,127,123,+3.25%,â2 200 kmâ2,â2 0.6356 kmâ2,,â2 0.6356 kmâ2,862660,39Â°07â²20â³N 104Â°10â²02â³W﻿ / ﻿39.122238Â°N 104.167334Â°W
Rangely,Town of Rangely,"August 27, 1946",statutory town,Rio Blanco County,map,104,2430,2365,+2.75%,â2 226 kmâ2,â2 10.7496 kmâ2,,â2 10.7496 kmâ2,862880,40Â°05â²43â³N 108Â°45â²24â³W﻿ / ﻿40.095177Â°N 108.756740Â°W
Raymer[32],Town of Raymer[permanent dead link],1919,statutory town,Weld County,map,258,102,96,+6.25%,â2 54 kmâ2,â2 1.8616 kmâ2,,â2 1.8616 kmâ2,863045,40Â°36â²28â³N 103Â°50â²40â³W﻿ / ﻿40.607758Â°N 103.844329Â°W
Red Cliff,Town of Red Cliff,"December 18, 1880",statutory town,Eagle County,map,222,270,267,+1.12%,â2 433 kmâ2,â2 0.6080 kmâ2,,â2 0.6080 kmâ2,863265,39Â°30â²33â³N 106Â°22â²12â³W﻿ / ﻿39.509143Â°N 106.370030Â°W
Rico,Town of Rico,"February 25, 1880",home rule municipality,Dolores County,map,226,256,265,â3.40%,â2 134 kmâ2,â2 1.9599 kmâ2,,â2 1.9599 kmâ2,864090,37Â°41â²19â³N 108Â°01â²53â³W﻿ / ﻿37.688569Â°N 108.031434Â°W
Ridgway,Town of Ridgway,"April 2, 1891",home rule municipality,Ouray County,map,147,953,924,+3.14%,â2 154 kmâ2,â2 6.0475 kmâ2,,â2 6.0475 kmâ2,864200,38Â°09â²33â³N 107Â°45â²11â³W﻿ / ﻿38.159128Â°N 107.753111Â°W
Rifle,City of Rifle,"August 18, 1905",home rule municipality,Garfield County,map,49,9488,9172,+3.45%,â2 528 kmâ2,â2 17.9755 kmâ2,â2 0.1628 kmâ2,â2 18.1384 kmâ2,864255,39Â°32â²15â³N 107Â°46â²13â³W﻿ / ﻿39.537565Â°N 107.770345Â°W
Rockvale,Town of Rockvale,"September 30, 1886",statutory town,Fremont County,map,194,498,487,+2.26%,â2 101 kmâ2,â2 4.9648 kmâ2,,â2 4.9648 kmâ2,864970,38Â°21â²53â³N 105Â°09â²53â³W﻿ / ﻿38.364713Â°N 105.164779Â°W
Rocky Ford,City of Rocky Ford,"August 19, 1887",statutory city,Otero County,map,87,3873,3957,â2.12%,â2 909 kmâ2,â2 4.3014 kmâ2,â2 0.0362 kmâ2,â2 4.3376 kmâ2,865190,38Â°03â²01â³N 103Â°43â²22â³W﻿ / ﻿38.050212Â°N 103.722672Â°W
Romeo,Town of Romeo,"September 4, 1923",statutory town,Conejos County,map,208,394,404,â2.48%,â2 662 kmâ2,â2 0.6041 kmâ2,,â2 0.6041 kmâ2,865740,37Â°10â²19â³N 105Â°59â²07â³W﻿ / ﻿37.171819Â°N 105.985414Â°W
Rye,Town of Rye,"November 22, 1937",statutory town,Pueblo County,map,241,154,153,+0.65%,â2 613 kmâ2,â2 0.2462 kmâ2,,â2 0.2462 kmâ2,866895,37Â°55â²17â³N 104Â°55â²56â³W﻿ / ﻿37.921281Â°N 104.932135Â°W
Saguache[33],Town of Saguache[33],"August 13, 1891",statutory town,Saguache County[8][33],map,197,480,485,â1.03%,â2 469 kmâ2,â2 1.0321 kmâ2,,â2 1.0321 kmâ2,867005,38Â°05â²10â³N 106Â°08â²27â³W﻿ / ﻿38.086247Â°N 106.140876Â°W
Salida,City of Salida,"March 23, 1891",statutory city,Chaffee County[8],map,72,5406,5236,+3.25%,â2 809 kmâ2,â2 6.6896 kmâ2,,â2 6.6896 kmâ2,867280,38Â°31â²49â³N 105Â°59â²56â³W﻿ / ﻿38.530275Â°N 105.998784Â°W
San Luis,Town of San Luis,1885,statutory town,Costilla County[8],map,182,622,629,â1.11%,â2 428 kmâ2,â2 1.4490 kmâ2,,â2 1.4490 kmâ2,868105,37Â°12â²08â³N 105Â°25â²21â³W﻿ / ﻿37.202341Â°N 105.422469Â°W
Sanford,Town of Sanford[permanent dead link],"April 9, 1907",home rule municipality,Conejos County,map,158,870,879,â1.02%,â2 229 kmâ2,â2 3.7931 kmâ2,,â2 3.7931 kmâ2,867830,37Â°15â²27â³N 105Â°54â²03â³W﻿ / ﻿37.257425Â°N 105.900741Â°W
Sawpit[34],Town of Sawpit[permanent dead link],1896,statutory town,San Miguel County,map,267,42,40,+5.00%,â2 515 kmâ2,â2 0.0796 kmâ2,,â2 0.0796 kmâ2,868655,37Â°59â²41â³N 108Â°00â²04â³W﻿ / ﻿37.994621Â°N 108.001189Â°W
Sedgwick,Town of Sedgwick,"January 28, 1918",statutory town,Sedgwick County,map,243,145,146,â0.68%,â2 164 kmâ2,â2 0.8647 kmâ2,,â2 0.8647 kmâ2,868930,40Â°56â²06â³N 102Â°31â²32â³W﻿ / ﻿40.935068Â°N 102.525674Â°W
Seibert,Town of Seibert,"June 21, 1917",statutory town,Kit Carson County,map,235,218,181,+20.44%,â2 203 kmâ2,â2 0.8880 kmâ2,,â2 0.8880 kmâ2,869040,39Â°17â²53â³N 102Â°52â²10â³W﻿ / ﻿39.297967Â°N 102.869524Â°W
Severance,Town of Severance,"November 20, 1920",statutory town,Weld County,map,90,3525,3165,+11.37%,â2 214 kmâ2,â2 15.8404 kmâ2,â2 0.2495 kmâ2,â2 16.0899 kmâ2,869150,40Â°32â²22â³N 104Â°52â²12â³W﻿ / ﻿40.539441Â°N 104.870121Â°W
Sheridan,City of Sheridan,"April 1, 1890",home rule municipality,Arapahoe County,map,69,5949,5664,+5.03%,â2 1021 kmâ2,â2 5.7549 kmâ2,â2 0.1723 kmâ2,â2 5.9273 kmâ2,869700,39Â°38â²52â³N 105Â°01â²03â³W﻿ / ﻿39.647757Â°N 105.017457Â°W
Sheridan Lake,Town of Sheridan Lake,"June 11, 1951",statutory town,Kiowa County,map,259,88,88,,â2 110 kmâ2,â2 0.8212 kmâ2,,â2 0.8212 kmâ2,869645,38Â°28â²00â³N 102Â°17â²39â³W﻿ / ﻿38.466677Â°N 102.294142Â°W
Silt,Town of Silt,"May 19, 1915",home rule municipality,Garfield County,map,92,3007,2930,+2.63%,â2 680 kmâ2,â2 4.3809 kmâ2,â2 0.1181 kmâ2,â2 4.4990 kmâ2,870195,39Â°32â²52â³N 107Â°39â²15â³W﻿ / ﻿39.547648Â°N 107.654073Â°W
Silver Cliff,Town of Silver Cliff,"February 10, 1879",statutory town,Custer County,map,186,584,587,â0.51%,â2 14 kmâ2,â2 40.0514 kmâ2,â2 0.0044 kmâ2,â2 40.0558 kmâ2,870250,38Â°07â²45â³N 105Â°23â²57â³W﻿ / ﻿38.129203Â°N 105.399189Â°W
Silver Plume,Town of Silver Plume,"September 24, 1880",statutory town,Clear Creek County,map,239,172,170,+1.18%,â2 248 kmâ2,â2 0.6697 kmâ2,â2 0.0068 kmâ2,â2 0.6765 kmâ2,870360,39Â°41â²44â³N 105Â°43â²36â³W﻿ / ﻿39.695445Â°N 105.726666Â°W
Silverthorne,Town of Silverthorne,"September 5, 1967",home rule municipality,Summit County,map,83,4271,3887,+9.88%,â2 391 kmâ2,â2 10.2920 kmâ2,â2 0.1472 kmâ2,â2 10.4392 kmâ2,870525,39Â°39â²14â³N 106Â°05â²33â³W﻿ / ﻿39.654012Â°N 106.092443Â°W
Silverton,Town of Silverton,"November 15, 1885",statutory town,San Juan County[8],map,179,655,637,+2.83%,â2 287 kmâ2,â2 2.1947 kmâ2,,â2 2.1947 kmâ2,870580,37Â°48â²40â³N 107Â°39â²53â³W﻿ / ﻿37.811092Â°N 107.664643Â°W
Simla,Town of Simla,"January 15, 1913",statutory town,Elbert County,map,181,627,618,+1.46%,â2 424 kmâ2,â2 1.4703 kmâ2,,â2 1.4703 kmâ2,870635,39Â°08â²28â³N 104Â°04â²54â³W﻿ / ﻿39.141051Â°N 104.081754Â°W
Snowmass Village,Town of Snowmass Village,1977,home rule municipality,Pitkin County,map,94,2898,2826,+2.55%,â2 40 kmâ2,â2 70.7498 kmâ2,â2 0.2123 kmâ2,â2 70.9621 kmâ2,871755,39Â°13â²01â³N 106Â°56â²38â³W﻿ / ﻿39.216872Â°N 106.943974Â°W
South Fork,Town of South Fork,"May 19, 1992",statutory town,Rio Grande County,map,212,364,386,â5.70%,â2 58 kmâ2,â2 6.4112 kmâ2,â2 0.0023 kmâ2,â2 6.4136 kmâ2,872395,37Â°40â²09â³N 106Â°38â²34â³W﻿ / ﻿37.669186Â°N 106.642851Â°W
Springfield,Town of Springfield,"January 16, 1889",statutory town,Baca County[8],map,128,1405,1451,â3.17%,â2 486 kmâ2,â2 2.9172 kmâ2,,â2 2.9172 kmâ2,873330,37Â°24â²18â³N 102Â°37â²08â³W﻿ / ﻿37.404915Â°N 102.618898Â°W
Starkville,Town of Starkville[permanent dead link],"March 2, 1954",statutory town,Las Animas County,map,266,53,59,â10.17%,â2 291 kmâ2,â2 0.1888 kmâ2,,â2 0.1888 kmâ2,873715,37Â°07â²01â³N 104Â°31â²24â³W﻿ / ﻿37.116820Â°N 104.523298Â°W
Steamboat Springs,City of Steamboat Springs,"July 19, 1900",home rule municipality,Routt County[8],map,41,12260,12088,+1.42%,â2 460 kmâ2,â2 26.2800 kmâ2,â2 0.0334 kmâ2,â2 26.3134 kmâ2,873825,40Â°28â²32â³N 106Â°49â²23â³W﻿ / ﻿40.475587Â°N 106.822935Â°W
Sterling,City of Sterling,"December 3, 1884",home rule municipality,Logan County[8],map,36,14629,14777,â1.00%,â2 743 kmâ2,â2 19.7092 kmâ2,,â2 19.7092 kmâ2,873935,40Â°37â²15â³N 103Â°11â²31â³W﻿ / ﻿40.620706Â°N 103.191867Â°W
Stratton,Town of Stratton,"April 15, 1917",statutory town,Kit Carson County,map,177,663,658,+0.76%,â2 499 kmâ2,â2 1.3305 kmâ2,,â2 1.3305 kmâ2,874485,39Â°18â²10â³N 102Â°36â²13â³W﻿ / ﻿39.302883Â°N 102.603473Â°W
Sugar City,Town of Sugar City,"July 2, 1900",statutory town,Crowley County,map,228,253,258,â1.94%,â2 246 kmâ2,â2 0.9968 kmâ2,,â2 0.9968 kmâ2,874815,38Â°13â²58â³N 103Â°39â²48â³W﻿ / ﻿38.232773Â°N 103.663312Â°W
Superior,Town of Superior,"June 10, 1904",statutory town,Boulder CountyJefferson County,map,39,12855,12483,+2.98%,â2 1251 kmâ2,â2 10.2835 kmâ2,â2 0.1052 kmâ2,â2 10.3887 kmâ2,875640,39Â°55â²52â³N 105Â°09â²33â³W﻿ / ﻿39.931190Â°N 105.159085Â°W
Swink,Town of Swink,"June 6, 1906",statutory town,Otero County,map,183,602,617,â2.43%,â2 891 kmâ2,â2 0.6847 kmâ2,,â2 0.6847 kmâ2,875970,38Â°00â²51â³N 103Â°37â²41â³W﻿ / ﻿38.014148Â°N 103.628163Â°W
Telluride,Town of Telluride,"February 10, 1887[35]",home rule municipality,San Miguel County[8],map,107,2369,2325,+1.89%,â2 410 kmâ2,â2 5.6545 kmâ2,,â2 5.6545 kmâ2,876795,37Â°56â²23â³N 107Â°49â²04â³W﻿ / ﻿37.939664Â°N 107.817888Â°W
Thornton,City of Thornton,"June 12, 1956",home rule municipality,Adams CountyWeld County,map,6,130307,118772,+9.71%,â2 1401 kmâ2,â2 90.9232 kmâ2,â2 2.7300 kmâ2,â2 93.6532 kmâ2,877290,39Â°55â²10â³N 104Â°56â²34â³W﻿ / ﻿39.919420Â°N 104.942808Â°W
Timnath,Town of Timnath,"July 6, 1920",home rule municipality,Larimer County,map,114,1983,625,+217.28%,â2 124 kmâ2,â2 12.4890 kmâ2,â2 0.0435 kmâ2,â2 12.5325 kmâ2,877510,40Â°31â²59â³N 104Â°57â²40â³W﻿ / ﻿40.533090Â°N 104.961193Â°W
Trinidad,City of Trinidad,"December 30, 1879",home rule municipality,Las Animas County[8],map,53,8193,9096,â9.93%,â2 352 kmâ2,â2 24.0238 kmâ2,â2 0.0010 kmâ2,â2 24.0248 kmâ2,878610,37Â°10â²23â³N 104Â°29â²25â³W﻿ / ﻿37.173157Â°N 104.490326Â°W
Two Buttes,Town of Two Buttes,"October 19, 1911",statutory town,Baca County,map,267,42,43,â2.33%,â2 65 kmâ2,â2 0.6422 kmâ2,,â2 0.6422 kmâ2,879270,37Â°33â²38â³N 102Â°23â²48â³W﻿ / ﻿37.560664Â°N 102.396556Â°W
Vail,Town of Vail,1966,home rule municipality,Eagle County,map,73,5328,5305,+0.43%,â2 439 kmâ2,â2 12.0981 kmâ2,â2 0.0400 kmâ2,â2 12.1381 kmâ2,880040,39Â°38â²15â³N 106Â°21â²52â³W﻿ / ﻿39.637527Â°N 106.364526Â°W
Victor,City of Victor,"July 16, 1894",statutory city,Teller County,map,206,400,397,+0.76%,â2 563 kmâ2,â2 0.6997 kmâ2,,â2 0.6997 kmâ2,880865,38Â°42â²32â³N 105Â°08â²31â³W﻿ / ﻿38.709004Â°N 105.141855Â°W
Vilas,Town of Vilas[permanent dead link],"June 25, 1888",statutory town,Baca County,map,253,110,114,â3.51%,â2 338 kmâ2,â2 0.3311 kmâ2,,â2 0.3311 kmâ2,881030,37Â°22â²25â³N 102Â°26â²51â³W﻿ / ﻿37.373664Â°N 102.447416Â°W
Vona,Town of Vona[permanent dead link],"August 9, 1919",statutory town,Kit Carson County,map,255,107,106,+0.94%,â2 188 kmâ2,â2 0.5732 kmâ2,,â2 0.5732 kmâ2,881690,39Â°18â²08â³N 102Â°44â²36â³W﻿ / ﻿39.302119Â°N 102.743352Â°W
Walden,Town of Walden,"December 2, 1890",statutory town,Jackson County[8],map,184,601,608,â1.15%,â2 680 kmâ2,â2 0.8683 kmâ2,,â2 0.8683 kmâ2,882130,40Â°43â²54â³N 106Â°16â²53â³W﻿ / ﻿40.731584Â°N 106.281336Â°W
Walsenburg,City of Walsenburg,"June 16, 1873",statutory city,Huerfano County[8],map,95,2896,3068,â5.61%,â2 378 kmâ2,â2 7.7435 kmâ2,,â2 7.7435 kmâ2,882350,37Â°37â²50â³N 104Â°46â²54â³W﻿ / ﻿37.630598Â°N 104.781719Â°W
Walsh,Town of Walsh[permanent dead link],"July 19, 1928",statutory town,Baca County,map,192,524,546,â4.03%,â2 455 kmâ2,â2 1.1584 kmâ2,,â2 1.1584 kmâ2,882460,37Â°23â²10â³N 102Â°16â²48â³W﻿ / ﻿37.386107Â°N 102.279933Â°W
Ward,Town of Ward,"June 9, 1896",home rule municipality,Boulder County,map,241,154,150,+2.67%,â2 104 kmâ2,â2 1.4844 kmâ2,â2 0.0035 kmâ2,â2 1.4879 kmâ2,882735,40Â°04â²24â³N 105Â°30â²56â³W﻿ / ﻿40.073201Â°N 105.515621Â°W
Wellington,Town of Wellington,"November 10, 1905",statutory town,Larimer County,map,57,7185,6289,+14.25%,â2 772 kmâ2,â2 8.7140 kmâ2,â2 0.0123 kmâ2,â2 8.7263 kmâ2,883230,40Â°41â²58â³N 105Â°00â²21â³W﻿ / ﻿40.699366Â°N 105.005825Â°W
Westcliffe,Town of Westcliffe,"November 21, 1887",statutory town,Custer County[8],map,188,572,568,+0.70%,â2 177 kmâ2,â2 3.1990 kmâ2,â2 0.0042 kmâ2,â2 3.2032 kmâ2,883450,38Â°08â²03â³N 105Â°27â²55â³W﻿ / ﻿38.134203Â°N 105.465306Â°W
Westminster,City of Westminster,"May 24, 1911",home rule municipality,Adams CountyJefferson County,map,8,112090,106114,+5.63%,â2 1352 kmâ2,â2 82.0407 kmâ2,â2 5.8961 kmâ2,â2 87.9368 kmâ2,883835,39Â°52â²56â³N 105Â°03â²52â³W﻿ / ﻿39.882190Â°N 105.064426Â°W
Wheat Ridge,City of Wheat Ridge,"August 20, 1969",home rule municipality,Jefferson County,map,24,31034,30166,+2.88%,â2 1274 kmâ2,â2 24.2606 kmâ2,â2 0.6367 kmâ2,â2 24.8974 kmâ2,884440,39Â°46â²22â³N 105Â°06â²17â³W﻿ / ﻿39.772675Â°N 105.104801Â°W
Wiggins,Town of Wiggins,"October 11, 1974",statutory town,Morgan County,map,153,895,893,+0.22%,â2 262 kmâ2,â2 3.4355 kmâ2,â2 0.0113 kmâ2,â2 3.4468 kmâ2,884770,40Â°13â²36â³N 104Â°04â²25â³W﻿ / ﻿40.226588Â°N 104.073498Â°W
Wiley,Town of Wiley,"January 28, 1909",statutory town,Prowers County,map,209,387,405,â4.44%,â2 501 kmâ2,â2 0.7902 kmâ2,,â2 0.7902 kmâ2,885045,38Â°09â²19â³N 102Â°43â²09â³W﻿ / ﻿38.155356Â°N 102.719248Â°W
Williamsburg[36],Town of Williamsburg,"April 7, 1888",statutory town,Fremont County,map,180,653,662,â1.36%,â2 70 kmâ2,â2 9.2405 kmâ2,,â2 9.2405 kmâ2,885155,38Â°23â²02â³N 105Â°10â²16â³W﻿ / ﻿38.383984Â°N 105.171179Â°W
Windsor,Town of Windsor,"April 15, 1890",home rule municipality,Weld CountyLarimer County,map,27,21106,18644,+13.21%,â2 323 kmâ2,â2 63.2776 kmâ2,â2 0.8248 kmâ2,â2 64.1025 kmâ2,885485,40Â°28â²39â³N 104Â°55â²00â³W﻿ / ﻿40.477555Â°N 104.916800Â°W
Winter Park,Town of Winter Park,"September 1, 1979",home rule municipality,Grand County,map,146,955,999,â4.40%,â2 22 kmâ2,â2 42.8221 kmâ2,,â2 42.8221 kmâ2,885705,39Â°52â²40â³N 105Â°46â²58â³W﻿ / ﻿39.877821Â°N 105.782813Â°W
Woodland Park,City of Woodland Park,"June 6, 1891",home rule municipality,Teller County,map,56,7194,7200,â0.08%,â2 418 kmâ2,â2 17.1108 kmâ2,,â2 17.1108 kmâ2,886090,38Â°59â²55â³N 105Â°03â²34â³W﻿ / ﻿38.998706Â°N 105.059533Â°W
Wray,City of Wray,"June 22, 1906",home rule municipality,Yuma County[8],map,106,2400,2342,+2.48%,â2 268 kmâ2,â2 8.9034 kmâ2,â2 0.0075 kmâ2,â2 8.9109 kmâ2,886310,40Â°04â²48â³N 102Â°13â²43â³W﻿ / ﻿40.079953Â°N 102.228622Â°W
Yampa,Town of Yampa,"February 25, 1907",statutory town,Routt County,map,202,436,429,+1.63%,â2 688 kmâ2,â2 0.6235 kmâ2,,â2 0.6235 kmâ2,886475,40Â°09â²11â³N 106Â°54â²31â³W﻿ / ﻿40.152996Â°N 106.908496Â°W
Yuma,City of Yuma,"March 24, 1887",home rule municipality,Yuma County,map,89,3606,3524,+2.33%,â2 443 kmâ2,â2 8.0760 kmâ2,â2 0.1002 kmâ2,â2 8.1761 kmâ2,886750,40Â°07â²28â³N 102Â°43â²03â³W﻿ / ﻿40.124400Â°N 102.717612Â°W
